{
    "precision": [
        0.21348314606741572,
        0.2159090909090909,
        0.21839080459770116,
        0.22093023255813954,
        0.2235294117647059,
        0.2261904761904762,
        0.21686746987951808,
        0.2073170731707317,
        0.19753086419753085,
        0.1875,
        0.17721518987341772,
        0.16666666666666666,
        0.16883116883116883,
        0.15789473684210525,
        0.16,
        0.16216216216216217,
        0.1506849315068493,
        0.1388888888888889,
        0.1267605633802817,
        0.12857142857142856,
        0.13043478260869565,
        0.1323529411764706,
        0.11940298507462686,
        0.12121212121212122,
        0.12307692307692308,
        0.125,
        0.1111111111111111,
        0.11290322580645161,
        0.11475409836065574,
        0.11666666666666667,
        0.11864406779661017,
        0.1206896551724138,
        0.12280701754385964,
        0.125,
        0.12727272727272726,
        0.12962962962962962,
        0.1320754716981132,
        0.1346153846153846,
        0.13725490196078433,
        0.12,
        0.12244897959183673,
        0.125,
        0.10638297872340426,
        0.10869565217391304,
        0.1111111111111111,
        0.11363636363636363,
        0.11627906976744186,
        0.09523809523809523,
        0.0975609756097561,
        0.1,
        0.10256410256410256,
        0.10526315789473684,
        0.10810810810810811,
        0.1111111111111111,
        0.11428571428571428,
        0.11764705882352941,
        0.12121212121212122,
        0.125,
        0.12903225806451613,
        0.13333333333333333,
        0.10344827586206896,
        0.07142857142857142,
        0.07407407407407407,
        0.07692307692307693,
        0.08,
        0.08333333333333333,
        0.08695652173913043,
        0.09090909090909091,
        0.09523809523809523,
        0.1,
        0.10526315789473684,
        0.1111111111111111,
        0.11764705882352941,
        0.125,
        0.13333333333333333,
        0.14285714285714285,
        0.15384615384615385,
        0.16666666666666666,
        0.18181818181818182,
        0.2,
        0.2222222222222222,
        0.25,
        0.2857142857142857,
        0.3333333333333333,
        0.4,
        0.25,
        0.3333333333333333,
        0.5,
        1.0,
        1.0
    ],
    "recall": [
        1.0,
        1.0,
        1.0,
        1.0,
        1.0,
        1.0,
        0.9473684210526315,
        0.8947368421052632,
        0.8421052631578947,
        0.7894736842105263,
        0.7368421052631579,
        0.6842105263157895,
        0.6842105263157895,
        0.631578947368421,
        0.631578947368421,
        0.631578947368421,
        0.5789473684210527,
        0.5263157894736842,
        0.47368421052631576,
        0.47368421052631576,
        0.47368421052631576,
        0.47368421052631576,
        0.42105263157894735,
        0.42105263157894735,
        0.42105263157894735,
        0.42105263157894735,
        0.3684210526315789,
        0.3684210526315789,
        0.3684210526315789,
        0.3684210526315789,
        0.3684210526315789,
        0.3684210526315789,
        0.3684210526315789,
        0.3684210526315789,
        0.3684210526315789,
        0.3684210526315789,
        0.3684210526315789,
        0.3684210526315789,
        0.3684210526315789,
        0.3157894736842105,
        0.3157894736842105,
        0.3157894736842105,
        0.2631578947368421,
        0.2631578947368421,
        0.2631578947368421,
        0.2631578947368421,
        0.2631578947368421,
        0.21052631578947367,
        0.21052631578947367,
        0.21052631578947367,
        0.21052631578947367,
        0.21052631578947367,
        0.21052631578947367,
        0.21052631578947367,
        0.21052631578947367,
        0.21052631578947367,
        0.21052631578947367,
        0.21052631578947367,
        0.21052631578947367,
        0.21052631578947367,
        0.15789473684210525,
        0.10526315789473684,
        0.10526315789473684,
        0.10526315789473684,
        0.10526315789473684,
        0.10526315789473684,
        0.10526315789473684,
        0.10526315789473684,
        0.10526315789473684,
        0.10526315789473684,
        0.10526315789473684,
        0.10526315789473684,
        0.10526315789473684,
        0.10526315789473684,
        0.10526315789473684,
        0.10526315789473684,
        0.10526315789473684,
        0.10526315789473684,
        0.10526315789473684,
        0.10526315789473684,
        0.10526315789473684,
        0.10526315789473684,
        0.10526315789473684,
        0.10526315789473684,
        0.10526315789473684,
        0.05263157894736842,
        0.05263157894736842,
        0.05263157894736842,
        0.05263157894736842,
        0.0
    ],
    "threshold": 0.013437576591968536,
    "max": 54.37133026123047,
    "min": -22.549823760986328
}